{ "calcdate": "{\"calc_date\":\"2016-01-07\"}", "trade": "{\"tradeid\":\"t000001\",\"bookid\":\"b05\",\"counterparty\":\"M\",\"notional\":3e+08,\"payer_receiver_flag\":1,\"settlement_date\":\"1444089600\",\"fixed_rate\":0.0037,\"fixed_leg_dcc\":\"Actual360\",\"float_spread\":0,\"float_leg_dcc\":\"Actual360\",\"ibor_index\":\"USDLibor\",\"fixed_leg_start_date\":\"1444089600\",\"fixed_leg_end_date\":\"1475712000\",\"fixed_leg_tenor_frequency\":3,\"fixed_leg_tenor_period_enum\":2,\"fixed_leg_calendar_name\":\"UnitedKingdom\",\"fixed_leg_biz_day_conv\":1,\"fixed_leg_termination_day_conv\":1,\"fixed_leg_date_gen_rule\":1,\"fixed_leg_end_of_month_flag\":false,\"float_leg_start_date\":\"1444089600\",\"float_leg_end_date\":\"1475712000\",\"float_leg_tenor_frequency\":3,\"float_leg_tenor_period_enum\":2,\"float_leg_calendar_name\":\"UnitedKingdom\",\"float_leg_biz_day_conv\":1,\"float_leg_termination_day_conv\":1,\"float_leg_date_gen_rule\":1,\"float_leg_end_of_month_flag\":false}",  "curve": "{\"curvename\":\"curvescenario0000\",\"index\":\"USDLibor\",\"index_frequency\":3,\"index_frequency_type\":\"2\",\"calendar\":\"UnitedKingdom\",\"bussiness_convention\":4,\"dcc\":\"Actual360\",\"end_of_month_flag\":true,\"settlement_days\":2,\"maturity_period_value\":[1,3,6,1,2,3,5,7,10,20,30],\"maturity_period_type\":[2,2,2,3,3,3,3,3,3,3,3],\"rates\":[0.00405918108,0.00593444193,0.00943550281,0.0106654139,0.0132310418,0.0147609599,0.0173561461,0.020106025,0.0214342456,0.0230000522,0.0247465093]}",  "fixing": "{\"curvename\": \"USDLibor\", \"fixing_dates\":[\"1483084800\",\"1482998400\",\"1482912000\",\"1482480000\",\"1482393600\",\"1482307200\",\"1482220800\",\"1482134400\",\"1481875200\",\"1481788800\",\"1481702400\",\"1481616000\",\"1481529600\",\"1481270400\",\"1481184000\",\"1481097600\",\"1481011200\",\"1480924800\",\"1480665600\",\"1480579200\",\"1480492800\",\"1480406400\",\"1480320000\",\"1480060800\",\"1479974400\",\"1479888000\",\"1479801600\",\"1479715200\",\"1479456000\",\"1479369600\",\"1479283200\",\"1479196800\",\"1479110400\",\"1478851200\",\"1478764800\",\"1478678400\",\"1478592000\",\"1478505600\",\"1478242800\",\"1478156400\",\"1478070000\",\"1477983600\",\"1477897200\",\"1477638000\",\"1477551600\",\"1477465200\",\"1477378800\",\"1477292400\",\"1477033200\",\"1476946800\",\"1476860400\",\"1476774000\",\"1476687600\",\"1476428400\",\"1476342000\",\"1476255600\",\"1476169200\",\"1476082800\",\"1475823600\",\"1475737200\",\"1475650800\",\"1475564400\",\"1475478000\",\"1475218800\",\"1475132400\",\"1475046000\",\"1474959600\",\"1474873200\",\"1474614000\",\"1474527600\",\"1474441200\",\"1474354800\",\"1474268400\",\"1474009200\",\"1473922800\",\"1473836400\",\"1473750000\",\"1473663600\",\"1473404400\",\"1473318000\",\"1473231600\",\"1473145200\",\"1473058800\",\"1472799600\",\"1472713200\",\"1472626800\",\"1472540400\",\"1472194800\",\"1472108400\",\"1472022000\",\"1471935600\",\"1471849200\",\"1471590000\",\"1471503600\",\"1471417200\",\"1471330800\",\"1471244400\",\"1470985200\",\"1470898800\",\"1470812400\",\"1470726000\",\"1470639600\",\"1470380400\",\"1470294000\",\"1470207600\",\"1470121200\",\"1470034800\",\"1469775600\",\"1469689200\",\"1469602800\",\"1469516400\",\"1469430000\",\"1469170800\",\"1469084400\",\"1468998000\",\"1468911600\",\"1468825200\",\"1468566000\",\"1468479600\",\"1468393200\",\"1468306800\",\"1468220400\",\"1467961200\",\"1467874800\",\"1467788400\",\"1467702000\",\"1467615600\",\"1467356400\",\"1467270000\",\"1467183600\",\"1467097200\",\"1467010800\",\"1466751600\",\"1466665200\",\"1466578800\",\"1466492400\",\"1466406000\",\"1466146800\",\"1466060400\",\"1465974000\",\"1465887600\",\"1465801200\",\"1465542000\",\"1465455600\",\"1465369200\",\"1465282800\",\"1465196400\",\"1464937200\",\"1464850800\",\"1464764400\",\"1464678000\",\"1464332400\",\"1464246000\",\"1464159600\",\"1464073200\",\"1463986800\",\"1463727600\",\"1463641200\",\"1463554800\",\"1463468400\",\"1463382000\",\"1463122800\",\"1463036400\",\"1462950000\",\"1462863600\",\"1462777200\",\"1462431600\",\"1462345200\",\"1462258800\",\"1461913200\",\"1461826800\",\"1461740400\",\"1461654000\",\"1461567600\",\"1461308400\",\"1461222000\",\"1461135600\",\"1461049200\",\"1460962800\",\"1460703600\",\"1460617200\",\"1460530800\",\"1460444400\",\"1460358000\",\"1460098800\",\"1460012400\",\"1459926000\",\"1459839600\",\"1459753200\",\"1459494000\",\"1459407600\",\"1459321200\",\"1459234800\",\"1458802800\",\"1458716400\",\"1458630000\",\"1458543600\",\"1458284400\",\"1458198000\",\"1458111600\",\"1458025200\",\"1457938800\",\"1457683200\",\"1457596800\",\"1457510400\",\"1457424000\",\"1457337600\",\"1457078400\",\"1456992000\",\"1456905600\",\"1456819200\",\"1456732800\",\"1456473600\",\"1456387200\",\"1456300800\",\"1456214400\",\"1456128000\",\"1455868800\",\"1455782400\",\"1455696000\",\"1455609600\",\"1455523200\",\"1455264000\",\"1455177600\",\"1455091200\",\"1455004800\",\"1454918400\",\"1454659200\",\"1454572800\",\"1454486400\",\"1454400000\",\"1454313600\",\"1454054400\",\"1453968000\",\"1453881600\",\"1453795200\",\"1453708800\",\"1453449600\",\"1453363200\",\"1453276800\",\"1453190400\",\"1453104000\",\"1452844800\",\"1452758400\",\"1452672000\",\"1452585600\",\"1452499200\",\"1452240000\",\"1452153600\",\"1452067200\",\"1451980800\",\"1451894400\",\"1451548800\",\"1451462400\",\"1451376000\",\"1450944000\",\"1450857600\",\"1450771200\",\"1450684800\",\"1450425600\",\"1450339200\",\"1450252800\",\"1450166400\",\"1450080000\",\"1449820800\",\"1449734400\",\"1449648000\",\"1449561600\",\"1449475200\",\"1449216000\",\"1449129600\",\"1449043200\",\"1448956800\",\"1448870400\",\"1448611200\",\"1448524800\",\"1448438400\",\"1448352000\",\"1448265600\",\"1448006400\",\"1447920000\",\"1447833600\",\"1447747200\",\"1447660800\",\"1447401600\",\"1447315200\",\"1447228800\",\"1447142400\",\"1447056000\",\"1446796800\",\"1446710400\",\"1446624000\",\"1446537600\",\"1446451200\",\"1446188400\",\"1446102000\",\"1446015600\",\"1445929200\",\"1445842800\",\"1445583600\",\"1445497200\",\"1445410800\",\"1445324400\",\"1445238000\",\"1444978800\",\"1444892400\",\"1444806000\",\"1444719600\",\"1444633200\",\"1444374000\",\"1444287600\",\"1444201200\",\"1444114800\",\"1444028400\",\"1443769200\",\"1443682800\",\"1443596400\",\"1443510000\",\"1443423600\",\"1443164400\",\"1443078000\",\"1442991600\",\"1442905200\",\"1442818800\",\"1442559600\",\"1442473200\",\"1442386800\",\"1442300400\",\"1442214000\",\"1441954800\",\"1441868400\",\"1441782000\",\"1441695600\",\"1441609200\",\"1441350000\",\"1441263600\",\"1441177200\",\"1441090800\",\"1440745200\",\"1440658800\",\"1440572400\",\"1440486000\",\"1440399600\",\"1440140400\",\"1440054000\",\"1439967600\",\"1439881200\",\"1439794800\",\"1439535600\",\"1439449200\",\"1439362800\",\"1439276400\",\"1439190000\",\"1438930800\",\"1438844400\",\"1438758000\",\"1438671600\",\"1438585200\",\"1438326000\",\"1438239600\",\"1438153200\",\"1438066800\",\"1437980400\",\"1437721200\",\"1437634800\",\"1437548400\",\"1437462000\",\"1437375600\",\"1437116400\",\"1437030000\",\"1436943600\",\"1436857200\",\"1436770800\",\"1436511600\",\"1436425200\",\"1436338800\",\"1436252400\",\"1436166000\",\"1435906800\",\"1435820400\",\"1435734000\",\"1435647600\",\"1435561200\",\"1435302000\",\"1435215600\",\"1435129200\",\"1435042800\",\"1434956400\",\"1434697200\",\"1434610800\",\"1434524400\",\"1434438000\",\"1434351600\",\"1434092400\",\"1434006000\",\"1433919600\",\"1433833200\",\"1433746800\",\"1433487600\",\"1433401200\",\"1433314800\",\"1433228400\",\"1433142000\",\"1432882800\",\"1432796400\",\"1432710000\",\"1432623600\",\"1432278000\",\"1432191600\",\"1432105200\",\"1432018800\",\"1431932400\",\"1431673200\",\"1431586800\",\"1431500400\",\"1431414000\",\"1431327600\",\"1431068400\",\"1430982000\",\"1430895600\",\"1430809200\",\"1430463600\"],\"fixing_rates\":[\"0.997890\", \"0.997890\", \"0.998170\", \"0.997060\", \"0.997060\", \"0.997610\", 